date,avg_sentiment,next_day_return
2026-07-06,0.0,0.0015554420597831964
2026-07-07,0.16666661699612934,-0.013922491618141852
2026-07-08,0.0,-0.008371993499371455
2026-07-09,0.014234938791819973,-0.004764751559533376
2026-07-10,0.0,-0.013074617861873139
2026-07-13,0.09980115294456482,0.019857621884558307
2026-07-14,-0.06448608636856079,0.03173766571699632
2026-07-15,-0.06402489542961119,-0.04437624006915575
2026-07-16,0.0,-0.021694968522032898
2026-07-23,-0.0800204426050186,0.006452807304242247
2026-07-24,0.16647464036941526,0.021329811059824122
2026-07-27,-0.12823579046461317,0.02189493319708058
2026-07-28,0.02021123468875886,0.008989854945811171
2026-07-29,-7.802248001098633e-05,-0.009058221734254301
2026-07-30,-0.2364314766157241,0.06734400185679612
2026-07-31,0.00023164067949569108,0.04880240147375625
2026-08-03,-0.08133328557014466,0.011084009453113497
2026-08-04,-0.09658888253298673,-0.04030189976684506
2026-08-05,-0.055189741982354074,-0.012912777267041098
2026-08-06,0.0018351574738820302,-0.0096436926248602
2026-08-07,0.0,0.009088414275721046
2026-08-10,-0.019446578290727417,-0.03837554632895135
2026-08-11,0.0034694009357028785,-0.0007561464545453589
2026-08-12,0.19990072548389434,0.008208615054656532
2026-08-13,0.03398904949426651,-0.0013281334171028059
2026-08-14,-0.0591958098941379,-0.005492898932390022
2026-08-17,-0.19999992847442624,0.0005814494887728117
2026-08-18,0.31354443232218426,0.00151071272583847
2026-08-19,0.0,-0.011748652105159185
2026-08-20,-0.15410191814104715,0.012181890414259655
2026-08-21,-0.000718394915262858,0.00939619568316985
2026-08-24,-0.18382084369659424,-0.003160405632474217
2026-08-25,0.1378001400402614,-0.014295607012993039
2026-08-26,-1.6656186845555156e-05,-0.003947334232365041
2026-08-27,-0.054985622564951576,0.017437262045876256
2026-08-28,-0.6192746559778849,-0.020889241240744538
2026-08-31,0.0,-0.012759750619967591
2026-09-01,0.07104844313401443,0.006268319514482146
2026-09-02,0.0,0.015899414220665653
2026-09-03,0.22107095850838554,-0.01110272366657461
2026-09-04,0.1249634250998497,-0.00029547392909179404
2026-09-08,0.18893047571182253,-0.022786357101497345
2026-09-09,-0.09074936671690507,0.0058975116982513676
2026-09-10,0.18748381402757433,0.01773900718043908
2026-09-11,-0.2791345715522766,0.032171387439992705
2026-09-21,0.2710354219783436,-0.010733294491060086
2026-09-22,0.14272756235940115,-0.03795995258808027
2026-09-23,-0.05116972128550211,0.013409108010984161
2026-09-24,0.16769285364584488,0.0045566892829778105
2026-09-25,0.0,-0.0034019928531441312
2026-09-28,0.06867089867591858,-0.005339129313685298
